name,number,website
,,
,,
1836 Property Management,tel:+15129944323,https://1836propertymanagement.com/
"360 Properties, LLC",tel:+15127408082,https://www.cedarparkpropertymanagement.com/
Agave Properties,tel:+15125339922,http://www.agaveproperties.com/
Ambassador Property Management,tel:+15123517800,https://www.ambassadorpropertyaustin.com/
Austin Landmark Property Services,tel:+15127948171,https://alpsmgmt.com/
Austin Property Management Pros,tel:+15129944355,http://austinpropertymanagementpros.com/
Austin Property Team,tel:+15126865454,http://www.austinpropertyteam.com/
AustinVestors,tel:+15126607368,https://www.austinvestors.com/
Bella Real Estate Inc.,tel:+15126934772,https://www.austinpropertymanagement.company/
CLEAR Property Management,tel:+15125013635,http://clearpm.com/
"Darwin Homes, Inc.",tel:+18333279461,https://www.darwinhomes.com/locations/austin
Eyes of Texas Properties,tel:+15124771163,https://www.eyesoftexasproperties.com/
Hendricks Real Estate,tel:+15122014350,http://www.512re.com/
Hill Country Property Management,tel:+15123463309,https://www.propertymanager-austintx.com/
IMark Properties,tel:+18665131725,http://www.imarkproperties.com/
Ironrock Properties,tel:+15128077000,https://ironrockproperties.com/
Keyrenter Property Management Austin,tel:+15125960055,https://keyrenteraustin.com/
Lincoln Property Company,tel:+15125278458,https://www.lincolnapts.com/
Lynx Property Services,tel:+15123262722,https://www.lynxpropertyservices.com/
Mars Hill Texas,tel:+15129420024,https://marshilltexas.com/
Maximus Residential,tel:+15128317094,https://www.maximusresidential.com/
Morris Green Properties,tel:+18447368512,http://www.morrisgreenproperties.com/
Neighborhood Realty and Property Management,tel:+15123358686,https://www.nrpmaustin.com/
Noble Capital,tel:+15122496060,https://noblecapital.com/
PMI Heart of Texas,tel:+15125808431,https://www.austinpropertymanagementinc.net/
Prime Properties,tel:+15123429566,http://www.austinpropertymanagement.com/
PS Property Management Company,tel:+15122516122,https://psprop.net/
"RAKH Properties, LLC",tel:+15125957408,https://rakhproperties.com/
RAM Austin Property Management,tel:+15122003834,https://www.ramaustin.com/
Rave Property Management,tel:+15123771486,http://www.ravepropertymanagement.com/
Real Property Management Lonestar,tel:+15125209060,https://www.rpmlonestar.com/
Rollingwood Management Inc.,tel:+15123274451,https://rollingwoodmanagement.com/
Roscoe Property Management,tel:+15124809886,https://www.rpmliving.com/
RPM Reliable Property Management,tel:+15127328388,https://www.landlordaustin.com/
Sienna Properties,tel:+15123280600,https://www.siennaproperties.com/
State Street Properties,tel:+15122223870,https://www.ststreet.com/
Stetson Property Management,tel:+15126502714,http://www.realtystetson.com/
Stone Oak Property Management,tel:+15126176766,https://www.stoneoakmgmt.com/
Texcen Realty,tel:+15122920800,https://texcenrealty.com/
Twelve Rivers Property Management,tel:+15125881453,http://twelveriversmanagement.com/
,,
,,
Aggieland Apartment Finders,tel:+19792891911,https://www.aggielandapartmentfinders.com/
Aggieland Properties,tel:+18888562281,http://aggielandpropertiesbcs.com/
Asset Hero Property Management,tel:+19793532567,http://assetheropm.com/
At Home Properties,tel:+19796965357,https://www.athomepm.com/
Bell Properties Real Estate,tel:+19795953468,https://www.maureybell.com/
Berkshire Hathaway Home Services/Caliber Realty,tel:+19796942747,https://bhhscaliber.com/
BVP Management,tel:+19797642500,http://www.c21bcsleasing.com/
Caldwell Companies College Station,tel:+19792607000,http://caldwellcos.com/
Regency Properties,tel:+19796937000,http://regencyproperties.net/
Riverstone Management Company,tel:+19793305311,https://riverstone-management-company.business.site/
Tower Park Apartments,tel:+19796936716,http://www.towerparkapts.com/
United Realty & Investment Company,tel:+19792601200,https://www.unitedrealtybcs.com/
,,
,,
Ashoka Lion Consulting,tel:+18323646025,https://www.ashokalion.com/
Awesome Investments LLC,tel:+12149062595,http://awesomeinvestments.net/
Berkshire Hathaway HomeServices A Action Realtors,tel:+12144357911,https://www.bhhsaaction.com/
CW Sparks Management,tel:+12149483192,http://cwsparks.com/
Landmark at Courtyard Villas Apartment Homes,tel:+19722894444,https://www.landmarkatcourtyardvillas.com/
LEAP Property Management,tel:+12143101630,https://www.leapdfw.com/
Lochhead Properties,tel:+19722880505,http://lochheadproperties.com/
,,
OmniKey Realty,tel:+18336664539,https://www.omnikeytexas.com/
,,
1st Choice Property Management,tel:+18172811300,https://www.fortworthpropertymanagement.com/
Avenue West Dallas,tel:+12147547171,https://www.awdallas.com/
Blue Crown Properties,tel:+12144324115,http://www.bluecrownproperties.com/
Campagna & Associates Realtors,tel:+12148239080,http://campagnarealtors.com/
CW Sparks,tel:+12149483192,http://cwsparks.com/
Dallas Property Management Pros,tel:+19726659956,http://dallaspropertymanagementpros.com/
Davis Property Management,tel:+12143698105,http://fasteddiedavis.com/
Farah Real Estate,tel:+18174671889,https://www.farahusa.com/
Green Light Property Management,tel:+18172007982,https://greenlightpropertymanagement.com/
"HUNTAHOME, AMO",tel:+12148660050,https://www.huntahome.com/
JoGip Property Management,tel:+19722935575,https://www.jogipdfw.com/
Junction Property Management,tel:+19724842060,http://www.junctionproperty.com/
Knobler Property Management,tel:+12148740900,http://knoblerpm.com/
Leap Property Management,tel:+18886573033,https://www.leapdfw.com/
Lincoln Property Company,tel:+12147403300,https://www.lincolnapts.com/
McCaw Property Management,tel:+18174912553,https://www.mccawpropertymanagement.com/
Moxie Property Management,tel:+16827384050,http://rentmoxie.com/
New Gen Properties,tel:+14697315200,https://www.dallasmetroplexhomes.com/
North Texas Property Management,tel:+12142277669,https://www.ntxpm.com/
OmniKey Realty,tel:+18336664539,https://www.omnikeytexas.com/
Park One Properties Realtors,tel:+19725966095,http://www.parkoneproperties.com/
Plat Realty,tel:+12143171212,http://platrealty.com/
PMI Metro Dallas,tel:+14695027895,https://www.dallaspropertymanagementinc.com/
Property Management Unlimited,tel:+14696071910,https://www.pmurealty.com/
SGI Property Management (Phoenix),tel:+19727464557,https://www.dallaspropertymanagement.biz/
Signature Leasing & Management,tel:+12147505675,http://www.signatureleasing.net/
Sulthar Properties,tel:+19727858427,https://www.fortworthpropertymanager.com/
The Mardia Group,tel:+19727270006,http://tmgprop.com/
UAH Property Management,tel:+12142657227,https://www.uahmgt.com/
Uptown Dallas Properties,tel:+12144141769,https://www.uptowndallasproperties.com/
Urban Asset Management,tel:+12145530811,http://www.urbanassetmanagement.com/
V.A.R. Group,tel:+12147716719,http://www.thevargroup.com/
Westrom Group Property Management,tel:+18174451108,https://www.westromgroup.com/
,,
,,
Advantage Asset Management,tel:+19365825270,https://themanagementpros.com/
CH&P Management,tel:+19365700132,http://chpmanagement.com/
Consolidated Management Services,tel:+12812969775,https://www.cmsgroup.org/
DTA Community Management Services,tel:+18323646880,https://www.dtatexas.net/
D’Agostino Companies,tel:+12814658484,https://dagostinocompanies.com/
Investment Management Company,tel:+19367560032,http://imcmanagement.net/
ProMed Realty Services,tel:+19364414102,https://www.promedrealty.com/
Riverwood Apartments in Conroe,tel:+19367552169,https://apartmentsconroe.com/
,,
,,
AIM Realty,tel:+12814404418,https://www.aimrealtymanagement.com/
Area Texas Realty & Property Management,tel:+17139721222,https://www.propertymanagementhouston.com/
Ashoka Lion,tel:+18323646025,https://www.ashokalion.com/
Claye Properties,tel:+12819579343,http://clayeproperties.com/
Complete Property Services,tel:+17133951400,http://www.complete-property-services.com/
DMR Properties,tel:+13462702972,https://dmrglobalone.com/
Edinson Property Management,tel:+17139805116,http://www.edinsonmanagement.com/
ELDA Management Services,tel:+12818948659,http://www.houstonpropertymanagement.com/
Empire Industries,tel:+17136590913,https://www.empireindustriesllc.com/
Green Residential,tel:+17133959700,https://www.greenresidential.com/
Hettig/Kahn Companies,tel:+17138710063,https://hettigmanagement.com/
Katy Property Management,tel:+12819497871,https://katypropertymanagement.com/
Keyrenter Property Management,tel:+17133227368,https://keyrenterhouston.com/
Memorial Property Management,tel:+17139731001,https://www.mpmhouston.com/
NOI Property Management,tel:+18326046509,https://www.noipm.com/
Oak Leaf Management,tel:+17135419724,http://oakleafmgmt.com/
Precision Realty and Management,tel:+12818667400,https://www.precisionrealty.com/
Propertycare,tel:+17134897653,http://propertycarehouston.com/
Real Property Management Houston,tel:+17138301888,https://houstonrpm.com/
Real Property Management Preferred,tel:+12818949111,https://www.htownrpm.com/
Rental Management Group,tel:+18329624646,https://www.rentalmanagementgroup.net/
Sterling Real Estate Group,tel:+12814636700,http://sterlingrealestategroup.com/
Stress Free Property Solutions,tel:+12817887888,http://stressfreepropertysolutions.com/
Tanglewood Property Group,tel:+17136278100,https://www.tanglewoodproperty.com/
Terra Residential Services,tel:+17135681775,https://www.terraresidential.com/
Texas Homes Realty and Management,tel:+12816469929,http://www.txhomesrealty.com/
Texas Renters,tel:+12814073818,http://www.texasrenters.com/
Vanguard Property Management,tel:+17133000577,
Your Dream Real Estate,tel:+18324042030,https://yourdreamre.com/
,,
,,
1st Choice Property Management,tel:+18172811300,https://www.fortworthpropertymanagement.com/
Assign Property Management,tel:+18175862255,http://www.AssignPM.com/
Award Property Management,tel:+18172942353,http://www.awardpm.com/
"Bridge Residential Property Services, LLC",tel:+18177322424,https://www.bridgelease.com/
Brock Realtors,tel:+18172924313,https://www.brockrealtors.com/
Cole Group Property Management,tel:+18176838981,http://www.colegrouppropertymanagement.com/
CW Sparks Management,tel:+12149483192,http://www.cwsparks.com/
Dallas Property Management Pros,tel:+19726659956,http://dallaspropertymanagementpros.com/
DeGuire Properties,tel:+18172818595,https://www.deguireproperties.com/
ELLIS HomeSource,tel:+19722567500,http://www.ellishomesource.com/
"Frontline Property Management, Inc.",tel:+18173773190,http://www.frontlineproperty.com/
Green Light Property Management,tel:+18172007982,http://www.greenlightpropertymanagement.com
Harvest Rock Property Management,tel:+18174799501,http://www.harvestrockrealty.com/
Key Properties,tel:+18172637866,https://www.keypropmgt.com/
LEAP Property Management,tel:+18177179367,https://www.leapdfw.com/
Lodge Properties,tel:+18179233970,https://www.leaselodge.com/
McCaw Property Management,tel:+18174912553,https://www.mccawpropertymanagement.com/
Metroplex Management Company,tel:+18175817368,http://www.metroplexmgmt.com/
Moxie Property Management,tel:+16827384050,http://rentmoxie.com/
NHS Properties,tel:+18177143606,http://www.nhsproperties.com/
PMI Big D Properties,tel:+12144383905,https://www.dallaspropertymanagementinc.us/
Ruiz Property Connection,tel:+18175367646,http://www.ruizpropertyconnection.com/
"Tarrant Management, Inc.",tel:+18175607153,http://www.dfwip.com/
Team Residential Management,tel:+18174056604,https://www.teamresidential.com/
Texas Longhorn Equities,tel:+18175604900,https://www.txlec.com/
True Guard Property Management,tel:+18174871150,http://www.tomspm.com/
Westrom Group Property Management,tel:+18174451108,https://www.westromgroup.com/
,,
,,
Action Realty,tel:+12102984410,https://www.actionrealtysa.com/
Alderson Properties,tel:+12103257905,https://www.aldersonproperties.com/
All County Alamo Property Management,tel:+12107180992,https://allcountyalamo.com/
Bluebonnet Property Management,tel:+12105916097,https://www.bluebonnetpm.com/
Bluefax Property Management,tel:+12106958252,https://bluefaxpm.com/
Brass Ring Properties,tel:+12106849585,http://brass-ring.com/
"Darwin Homes, Inc.",tel:+118333279661,https://www.darwinhomes.com/
Davidson Properties,tel:+12108261616,https://www.davidsonproperties.com/
DB Broker Residential Property Management,tel:+12108804378,https://dbbroker.com/
Forefront Property Management,tel:+12104181880,https://forefrontpropertymanagement.com/
Full Spectrum Realty,tel:+12102811067,http://fsrealtytx.com/
Harper Property Management,tel:+12104837040,http://harperpropertymanagement.com/
Hendricks Property Management,tel:+12103443463,https://www.sarents.com/
HomeRiver Group San Antonio,tel:+12103401717,https://www.sanantonio-propertymanagement.com/
Keyrenter Property Management,tel:+12105038000,https://keyrentersanantonio.com/
Landlord Property Management,tel:+12104921695,https://www.landlordpm.com/
Liberty Management Inc.,tel:+12106818080,https://www.libertymgt.net/
Lifetime Real Estate Services,tel:+12104080900,http://www.lifetimereservices.com/
Mission San Antonio Property Management,tel:+12107258194,https://www.msarealestateservices.com/
Morris Realty,tel:+12106540616,http://morrisrealtysa.com/
PMI Birdy Properties,tel:+12105249400,http://www.birdy.com/
Profit Realty,tel:+12105044410,https://profitrealty.com/
Property Management Services of Texas,tel:+12106626000,http://www.delaneyrealtyinc.org/
Pyramis Company Property Management,tel:+12105939807,https://pyramiscompany.com/
Real Estate Muses,tel:+12103320310,https://realestatemuses.com/
Real Property Management Alamo,tel:+12107873876,https://www.rpmalamo.com/
Real Property Management Campanas,tel:+12105852775,https://www.rpmcampanas.com/
Red Wagon Properties,tel:+12106951100,http://www.redwagonproperties.com/
RentWerx,tel:+12104978686,https://rentwerx.com/
Rooftop Property Management,tel:+12109448719,https://leasingrpm.com/
San Antonio Full Service Property Management,tel:+12107723184,http://www.safullservicepm.com/
Select Property Management Group,tel:+121009733010,https://www.selectpmg.com/
"Simmonds Real Estate, Inc",tel:+12106519300,https://www.saleases.com/
Specialized Property Management,tel:+12106863090,http://specializedsanantonio.com/
Terra Realty and Management Group Inc.,tel:+12103499966,https://www.terrarealtysa.com/
Wright Property Group,tel:+12102983948,https://www.wrightpg.com/
Xsellence Realty,tel:+12108806408,https://www.sa-broker.com/
